denom_norm,n_occupied_places,n_zero_first,n_exactly_one_first,n_multiple_first,exclusivity_rate
anglican_episcopal,3270,3267,3,0,9.174311926605505e-4
baptist,10199,4349,4862,988,0.47671340327483086
catholic,7260,7259,1,0,1.377410468319559e-4
christian_science,484,484,0,0,0
church_of_christ,3923,3856,65,2,0.016568952332398676
disciples_of_christ,79,63,15,1,0.189873417721519
jehovahs_witness,1422,1422,0,0,0
latter_day_saints,2314,2314,0,0,0
lutheran,5819,5394,409,16,0.07028699089190582
methodist,9292,7100,2007,185,0.21599225139905295
nazarene,1807,1417,377,13,0.20863309352517986
nondenominational,48,45,3,0,0.0625
orthodox,1007,1003,4,0,0.003972194637537239
pentecostal,4646,3558,960,128,0.20662935858803272
presbyterian,4569,2561,1929,79,0.4221930400525279
quaker,123,122,1,0,0.008130081300813009
reformed,536,440,81,15,0.15111940298507462
salvation_army,195,195,0,0,0
seventh_day_adventist,1865,1799,61,5,0.032707774798927614
unitarian_universalist,496,420,70,6,0.14112903225806453
united_church_of_christ,1157,980,172,5,0.14866032843560933
