denom_norm,n,n_with_neighbor,median_km,p10_km,p90_km
anglican_episcopal,3,1,133.85317734126434,133.85317734126434,133.85317734126434
baptist,9618,8554,12.788455840965005,2.679494279724369,74.03282734429804
catholic,2,1,164.31735971622302,164.31735971622302,164.31735971622302
church_of_christ,103,88,39.49567408298776,9.408790698913986,201.3777817629812
disciples_of_christ,20,13,198.1683713467295,36.9058446762589,847.0735839939248
lutheran,496,458,47.33864826016567,9.738138560424996,284.7442526435312
methodist,2588,2445,23.76851674577882,5.7362640207461215,94.19868758214372
nazarene,484,468,42.61158451011692,9.083457738262384,141.5810340758115
nondenominational,4,0,,,
orthodox,4,4,461.57081870379227,56.86669449996963,2239.641964182133
pentecostal,1532,1403,41.68885815785138,13.328851861727701,171.87828584547236
presbyterian,2287,2167,23.65372037055956,6.839159742751265,67.03833656803495
quaker,1,1,41.72537060946105,41.72537060946105,41.72537060946105
reformed,128,110,24.520790129893495,4.317755346418884,211.99888010887275
seventh_day_adventist,96,67,95.43667008715249,33.22954042770184,413.77392372133704
unitarian_universalist,122,92,134.81455979367902,22.62699369227598,684.5231980988005
united_church_of_christ,209,172,106.6767008156078,16.843081089778813,352.6588853949182
