chain_id,n_locations,n_verified,n_names
play_street,37,0,25
museum_of_illusions_global,25,11,15
ripleys,19,0,8
commemorative_air_force,10,4,8
madame_tussauds,6,1,6
museum_of_ice_cream,6,0,1
washington_county_mn_historical_society,4,1,4
judy_garland_childrens_museum,3,1,3
smithsonian,3,0,2
smithsonian_institution,3,0,1
wakefield_heritage_organization,3,1,2
allegan_county_historical_society,2,1,2
american_civil_war_museum,2,1,1
brown_county_ks_historical_society,2,2,2
carroll_county_historical_society_oh,2,1,2
carroll_county_historical_society_tn,2,0,2
cass_county_indiana_historical_society,2,2,2
city_of_salem_museums,2,2,2
city_st_martinville_museums,2,0,2
clatsop_county_historical_society,2,1,2
crawford_county_pennsylvania_historical_society,2,2,2
franklin_county_pa_historical_society,2,1,2
gettysburg_history,2,2,2
jackson_county_mo_historical_society,2,1,2
lake_county_mn_historical_society,2,2,2
lincoln_county_oregon_historical_society,2,2,2
madison_connecticut_historical_society,2,2,2
madison_county_historical_society_va,2,1,2
nobles_county_historical_society,2,2,2
washington_county_ga_historical_society,2,1,2
washington_county_in_historical_society,2,1,2
wayne_county_il_historical_society,2,2,2
adams_county_wi_historical_society,1,0,1
arkansas_state_parks,1,1,1
bedford_new_york_historical_society,1,1,1
belmont_massachusetts_historical_society,1,1,1
carroll_county_historical_society_il,1,1,1
clinton_county_historical_society_pa,1,1,1
columbus_state_university,1,1,1
crystal_bridges,1,0,1
historic_tours_of_america,1,1,1
jefferson_county_nebraska_historical_society,1,1,1
marion_county_ohio_historical_society,1,1,1
new_mexico_department_of_cultural_affairs,1,0,1
newton_county_indiana_historical_society,1,1,1
ohio_history_connection,1,1,1
union_county_georgia_historical_society,1,0,1
union_county_indiana_historical_society,1,0,1
union_county_pennsylvania_historical_society,1,0,1
washington_new_hampshire_historical_society,1,1,1
wayne_county_pa_historical_society,1,1,1
wisconsin_historical_society,1,1,1
