group,display_name,source,source_id,place,state,public_name,operator,basis,counts,evidence_url,checked_on,note
100th meridian museum,100th Meridian Museum,overture,6f25fc7e-2abf-4652-b2cb-06b0abb3f52e,Cozad,NE,100th Meridian Museum,Cozad Historical Society,headline-sufficient check,TRUE,https://visitnebraska.com/cozad/100th-meridian-museum,2026-10-05,"State tourism listing: 206 E 8th St, Memorial Day to Labor Day Tue-Fri noon-4 or by appointment. The Robert Henri Museum's Cozad visitor page (last updated 2026-09-28) also lists it. The operator domain cozadhistory.org did not resolve, so no dated first-party 2026 page was read."
100th meridian museum,100th Meridian Museum,overture,df9ef0c4-237c-439e-9566-338b862c6e1f,Erick,OK,100th Meridian Museum,The 100th Meridian Museum Inc,headline-sufficient check,TRUE,https://www.travelok.com/listings/view.profile/id.37151,2026-10-05,"State tourism listing: 101 S Sheb Wooley Ave, Fri-Sat 10-4. The Clio entry (updated 2026-09-20) says by appointment only; visiting hours are outside decision 14. A separate nonprofit from the Cozad Historical Society."
billy the kid museum,Billy the Kid Museum,overture,cff32c58-09f9-4127-b43b-eecd4bf3fa7b,Fort Sumner,NM,Billy The Kid Museum,Sweet family (privately owned),headline-sufficient check,TRUE,https://www.billythekidmuseumfortsumner.com/,2026-10-05,"Operator: 1435 East Sumner Avenue; opened January 1953 by Ed and Jewel Sweet, now operated by Donald, Lula and Tim Sweet. The New Mexico Tourism Department listing (copyright 2026) gives the same name and address."
billy the kid museum,Billy the Kid Museum,overture,64aa3834-a0b1-4af1-b643-ed219fbbb8bb,Hico,TX,Billy The Kid Museum,Hico Billy The Kid Museum Inc,headline-sufficient check,TRUE,https://www.billythekidmuseumhico.com/,2026-10-05,"Operator: 114 North Pecan Street, Mon-Sat 9-5, but its site carries a 2022 copyright; (b) rests on the City of Hico page (copyright 2026) that sends visitors to the Billy the Kid Museum in downtown Hico. IMLS 8404800358 (HICO BILLY THE KID MUSEUM, same address) is the same institution, counted separately under another L2 name."
billy the kid museum,Billy the Kid Museum,overture,0f8f7757-1157-410a-b8ab-d560d2df6647,Clovis,NM,,None found,failed check,FALSE,https://maps.roadtrippers.com/us/clovis-nm/attractions/billy-the-kid-museum-clovis-nm,2026-10-05,"No museum found. The point matches a directory listing at 1121 W 7th St, Clovis that carries the Hico museum's website and description; its only reviews (2018) say the museum is not in Clovis. Treated as a mislocated duplicate listing; which museum it copies is unresolved. Needs a sourced identity decision after post 1."
mermaid museum,Mermaid Museum,overture,d558df73-fcef-4ef7-a42a-370dede6260d,Berlin,MD,The Mermaid Museum,Alyssa Maloof (founder),headline-sufficient check,TRUE,https://www.berlinmermaidmuseum.com/,2026-10-05,"Operator: 4 Jefferson St (upstairs), Est. 2020, off-season hours Sat-Sun 10-5. Hyperallergic (2021-09-29) names the founder and a 2021-03-27 opening."
mermaid museum,Mermaid Museum,overture,837503ef-a343-48a7-897e-1333af954faa,Los Angeles,CA,POPSUGAR x Freeform Mermaid Museum,Freeform and POPSUGAR (2018 promotional event),failed check,FALSE,https://www.timeout.com/los-angeles/things-to-do/popsugar-x-freeform-mermaid-museum,2026-10-05,"The point is within about 150 m of Goya Studios, 1541 N Cahuenga Blvd, venue of the POPSUGAR x Freeform Mermaid Museum, a pop-up that ran March 22-25, 2018. Attribution rests on name and location; no museum of this name was found operating in Los Angeles. Needs a sourced decision after post 1."
salt and pepper shaker museum,Salt and Pepper Shaker Museum,overture,3cda1967-000f-43d9-a54e-cb78ead297dc,Gatlinburg,TN,The Salt and Pepper Shaker Museum,Ludden family,headline-sufficient check,TRUE,https://thesaltandpeppershakermuseum.com/,2026-10-05,Operator: 461 Brookside Village Way; copyright 2002-2026 and a July 2026 holiday notice. Its only stated sister museum is in Spain. Fox News (2024-02-08) names siblings Alex and Andrea Ludden as operators.
salt and pepper shaker museum,Salt and Pepper Shaker Museum,overture,4dec35a9-7dcc-4091-83c1-8b663ccf7f08,Traer,IA,Salt & Pepper Shaker Gallery,City of Traer,public name differs,FALSE,https://www.traer.com/museums,2026-10-05,"A real public attraction at 411 2nd Street, but the city (page copyright 2026) calls it the Salt & Pepper Shaker Gallery, not Museum; the city bought the collection in 2008. Needs a sourced public-name decision after post 1."
salt and pepper shaker museum,Salt and Pepper Shaker Museum,imls,8404700043,Gatlinburg,TN,The Salt and Pepper Shaker Museum,Ludden family (same institution as Overture 3cda1967),failed check,FALSE,https://thesaltandpeppershakermuseum.com/,2026-10-05,"Duplicate record: the 2018 IMLS row has the Gatlinburg museum's name, 461 Brookside Village Way address and website but coordinates in San Francisco. No salt and pepper shaker museum was found in San Francisco. Needs a sourced identity decision after post 1."
santa claus museum,Santa Claus Museum,overture,7a52dcbe-cef7-42f3-b835-52e7f9ac67d0,Columbus,TX,Santa Claus Museum,Columbus Historical Preservation Trust,headline-sufficient check,TRUE,https://santamuseum.org/about/,2026-10-05,Operator: opened in 1990 with the Mary Elizabeth Hopkins collection. The trust's property page gives 604 Washington St and Fridays 1-5.
santa claus museum,Santa Claus Museum,imls,8401800014,Santa Claus,IN,Santa Claus Museum & Village,Santa's Elves Inc,failed check,FALSE,https://santaclausmuseum.org/operating-hours/,2026-10-05,"Duplicate record: the 2018 IMLS row (Santas Elves Inc, santaclausmuseum.org) and Overture e569cc8a-12fc-43a0-b0ec-89f8a6e74fc6 (Santa Claus Museum and Village, counted separately) are the same institution at 69 North State Route 245. The operator's site is titled Santa Claus Museum & Village and lists fall 2026 hours. Needs a sourced identity decision after post 1."
