name_expanded,museums
old jail museum,11
old jail,2
1811 lincoln county museum and old jail,1
alexander county old jail museum,1
chesterfield county museum and old jail,1
coldspring old jail museum,1
county museum in the old jail,1
fauquier history museum at the old jail,1
gonzales county historical commission old jail museum,1
historical 1891 old jail museum,1
monticello old jail museum,1
old jail art center,1
old jail museum and leonardtown visitor center maryland underground railroad network to freedom,1
old jail museum complex,1
old jail museum lynchburg,1
old jail of jones county,1
old jail visitors center,1
pecos county historical old jail,1
saint augustine old jail,1
san jacinto county old jail,1
warthen old jail,1
