name_expanded,gate_passed,reason
african american museum,FALSE,"Museum headlines require completed identity, category and affiliation review."
american civil war museum,FALSE,"Museum headlines require completed identity, category and affiliation review."
american museum of natural history,FALSE,"Museum headlines require completed identity, category and affiliation review."
crystal bridges museum of american art,FALSE,"Museum headlines require completed identity, category and affiliation review."
international police museum,FALSE,"Museum headlines require completed identity, category and affiliation review."
museum of american armor,FALSE,"Museum headlines require completed identity, category and affiliation review."
museum of international folk art,FALSE,"Museum headlines require completed identity, category and affiliation review."
national medal of honor museum,FALSE,"Museum headlines require completed identity, category and affiliation review."
national museum of african american history and culture,FALSE,"Museum headlines require completed identity, category and affiliation review."
national museum of the american indian,FALSE,"Museum headlines require completed identity, category and affiliation review."
old world wisconsin,FALSE,"Museum headlines require completed identity, category and affiliation review."
seneca iroquois national museum,FALSE,"Museum headlines require completed identity, category and affiliation review."
old jail museum,FALSE,"Museum headlines require completed identity, category and affiliation review."
antique car museum,FALSE,"Museum headlines require completed identity, category and affiliation review."
bethel historical society,FALSE,"Museum headlines require completed identity, category and affiliation review."
clinton historical society,FALSE,"Museum headlines require completed identity, category and affiliation review."
concord historical society,FALSE,"Museum headlines require completed identity, category and affiliation review."
cumberland county historical society,FALSE,"Museum headlines require completed identity, category and affiliation review."
dinosaur museum,FALSE,"Museum headlines require completed identity, category and affiliation review."
douglas county historical society,FALSE,"Museum headlines require completed identity, category and affiliation review."
exploration station,FALSE,"Museum headlines require completed identity, category and affiliation review."
fayette county historical society,FALSE,"Museum headlines require completed identity, category and affiliation review."
franklin county historical society,FALSE,"Museum headlines require completed identity, category and affiliation review."
greene county historical society,FALSE,"Museum headlines require completed identity, category and affiliation review."
gymboree play and music,FALSE,"Museum headlines require completed identity, category and affiliation review."
henry county historical society,FALSE,"Museum headlines require completed identity, category and affiliation review."
heritage hall,FALSE,"Museum headlines require completed identity, category and affiliation review."
heritage house museum,FALSE,"Museum headlines require completed identity, category and affiliation review."
heritage village,FALSE,"Museum headlines require completed identity, category and affiliation review."
history center,FALSE,"Museum headlines require completed identity, category and affiliation review."
jackson county historical society,FALSE,"Museum headlines require completed identity, category and affiliation review."
jefferson historical society,FALSE,"Museum headlines require completed identity, category and affiliation review."
smithsonian institution,FALSE,"Museum headlines require completed identity, category and affiliation review."
museum of illusions,FALSE,"Museum headlines require completed identity, category and affiliation review."
wayne county historical society,FALSE,"Museum headlines require completed identity, category and affiliation review."
international cryptozoology museum,TRUE,
pea river museum,TRUE,
adams county historical society,FALSE,"Museum headlines require completed identity, category and affiliation review."
brown county historical society,FALSE,"Museum headlines require completed identity, category and affiliation review."
children's discovery museum,FALSE,"Museum headlines require completed identity, category and affiliation review."
pioneer village,FALSE,"Museum headlines require completed identity, category and affiliation review."
veterans memorial museum,FALSE,"Museum headlines require completed identity, category and affiliation review."
carroll county historical society,FALSE,"Museum headlines require completed identity, category and affiliation review."
clinton county historical society,FALSE,"Museum headlines require completed identity, category and affiliation review."
madison county historical society,FALSE,"Museum headlines require completed identity, category and affiliation review."
monroe county historical society,FALSE,"Museum headlines require completed identity, category and affiliation review."
