name_expanded,museums,chain_locations
antique car museum,6,0
bethel historical society,6,0
clinton historical society,6,0
concord historical society,6,0
cumberland county historical society,6,0
dinosaur museum,6,0
douglas county historical society,6,0
exploration station,6,0
fayette county historical society,6,0
franklin county historical society,6,0
greene county historical society,6,0
gymboree play and music,6,0
henry county historical society,6,0
heritage hall,6,1
heritage house museum,6,0
heritage village,6,0
history center,6,0
jackson county historical society,6,1
jefferson historical society,6,0
karpeles manuscript library museum,6,0
lake county historical society,6,0
marshall county historical society,6,0
metropolitan museum of art,6,0
monroe historical society,6,0
montgomery county historical society,6,0
norman rockwell museum,6,0
pioneer museum,6,0
plymouth historical society,6,0
scott county historical society,6,0
shelby county historical society,6,0
southern alleghenies museum of art,6,0
telephone museum,6,0
union county museum,6,0
university art museum,6,0
university gallery,6,0
visual arts gallery,6,0
warren county historical society,6,0
wells fargo history museum,6,0
